,Date,Total cases,Total deaths,Total tested,Total recovered,New cases,New deaths,New tested,New recovered,Total death rate,Daily death rate,Total positive rate,Daily positive rate,Total recovery rate,Daily recovery rate
0,2020-01-22,0,0,0,0,0,0,0,0,0.0,0.0,0.0,0.0,0.0,0.0
1,2020-01-23,0,0,0,0,0,0,0,0,0.0,0.0,0.0,0.0,0.0,0.0
2,2020-01-24,0,0,0,0,0,0,0,0,0.0,0.0,0.0,0.0,0.0,0.0
3,2020-01-25,0,0,0,0,0,0,0,0,0.0,0.0,0.0,0.0,0.0,0.0
4,2020-01-26,0,0,0,0,0,0,0,0,0.0,0.0,0.0,0.0,0.0,0.0
5,2020-01-27,0,0,0,0,0,0,0,0,0.0,0.0,0.0,0.0,0.0,0.0
6,2020-01-28,0,0,0,0,0,0,0,0,0.0,0.0,0.0,0.0,0.0,0.0
7,2020-01-29,0,0,0,0,0,0,0,0,0.0,0.0,0.0,0.0,0.0,0.0
8,2020-01-30,0,0,0,0,0,0,0,0,0.0,0.0,0.0,0.0,0.0,0.0
9,2020-01-31,0,0,0,0,0,0,0,0,0.0,0.0,0.0,0.0,0.0,0.0
10,2020-02-01,0,0,0,0,0,0,0,0,0.0,0.0,0.0,0.0,0.0,0.0
11,2020-02-02,0,0,0,0,0,0,0,0,0.0,0.0,0.0,0.0,0.0,0.0
12,2020-02-03,0,0,0,0,0,0,0,0,0.0,0.0,0.0,0.0,0.0,0.0
13,2020-02-04,0,0,0,0,0,0,0,0,0.0,0.0,0.0,0.0,0.0,0.0
14,2020-02-05,0,0,0,0,0,0,0,0,0.0,0.0,0.0,0.0,0.0,0.0
15,2020-02-06,0,0,0,0,0,0,0,0,0.0,0.0,0.0,0.0,0.0,0.0
16,2020-02-07,0,0,0,0,0,0,0,0,0.0,0.0,0.0,0.0,0.0,0.0
17,2020-02-08,0,0,0,0,0,0,0,0,0.0,0.0,0.0,0.0,0.0,0.0
18,2020-02-09,0,0,0,0,0,0,0,0,0.0,0.0,0.0,0.0,0.0,0.0
19,2020-02-10,0,0,0,0,0,0,0,0,0.0,0.0,0.0,0.0,0.0,0.0
20,2020-02-11,0,0,0,0,0,0,0,0,0.0,0.0,0.0,0.0,0.0,0.0
21,2020-02-12,0,0,0,0,0,0,0,0,0.0,0.0,0.0,0.0,0.0,0.0
22,2020-02-13,0,0,0,0,0,0,0,0,0.0,0.0,0.0,0.0,0.0,0.0
23,2020-02-14,0,0,0,0,0,0,0,0,0.0,0.0,0.0,0.0,0.0,0.0
24,2020-02-15,0,0,0,0,0,0,0,0,0.0,0.0,0.0,0.0,0.0,0.0
25,2020-02-16,0,0,0,0,0,0,0,0,0.0,0.0,0.0,0.0,0.0,0.0
26,2020-02-17,0,0,0,0,0,0,0,0,0.0,0.0,0.0,0.0,0.0,0.0
27,2020-02-18,0,0,0,0,0,0,0,0,0.0,0.0,0.0,0.0,0.0,0.0
28,2020-02-19,0,0,0,0,0,0,0,0,0.0,0.0,0.0,0.0,0.0,0.0
29,2020-02-20,0,0,0,0,0,0,0,0,0.0,0.0,0.0,0.0,0.0,0.0
30,2020-02-21,0,0,0,0,0,0,0,0,0.0,0.0,0.0,0.0,0.0,0.0
31,2020-02-22,0,0,0,0,0,0,0,0,0.0,0.0,0.0,0.0,0.0,0.0
32,2020-02-23,0,0,0,0,0,0,0,0,0.0,0.0,0.0,0.0,0.0,0.0
33,2020-02-24,0,0,0,0,0,0,0,0,0.0,0.0,0.0,0.0,0.0,0.0
34,2020-02-25,0,0,0,0,0,0,0,0,0.0,0.0,0.0,0.0,0.0,0.0
35,2020-02-26,0,0,0,0,0,0,0,0,0.0,0.0,0.0,0.0,0.0,0.0
36,2020-02-27,0,0,0,0,0,0,0,0,0.0,0.0,0.0,0.0,0.0,0.0
37,2020-02-28,0,0,0,0,0,0,0,0,0.0,0.0,0.0,0.0,0.0,0.0
38,2020-02-29,0,0,0,0,0,0,0,0,0.0,0.0,0.0,0.0,0.0,0.0
39,2020-03-01,0,0,0,0,0,0,0,0,0.0,0.0,0.0,0.0,0.0,0.0
40,2020-03-02,0,0,0,0,0,0,0,0,0.0,0.0,0.0,0.0,0.0,0.0
41,2020-03-03,0,0,0,0,0,0,0,0,0.0,0.0,0.0,0.0,0.0,0.0
42,2020-03-04,0,0,0,0,0,0,0,0,0.0,0.0,0.0,0.0,0.0,0.0
43,2020-03-05,0,0,0,0,0,0,0,0,0.0,0.0,0.0,0.0,0.0,0.0
44,2020-03-06,0,0,0,0,0,0,0,0,0.0,0.0,0.0,0.0,0.0,0.0
45,2020-03-07,0,0,0,0,0,0,0,0,0.0,0.0,0.0,0.0,0.0,0.0
46,2020-03-08,3,0,9,0,3,0,9,0,0.0,0.0,33.3,33.3,0.0,0.0
47,2020-03-09,3,0,16,0,0,0,7,0,0.0,0.0,18.8,0.0,0.0,0.0
48,2020-03-10,3,0,26,0,0,0,10,0,0.0,0.0,11.5,0.0,0.0,0.0
49,2020-03-11,3,0,36,0,0,0,10,0,0.0,0.0,8.3,0.0,0.0,0.0
50,2020-03-12,3,0,52,0,0,0,16,0,0.0,0.0,5.8,0.0,0.0,0.0
51,2020-03-13,3,0,76,0,0,0,24,0,0.0,0.0,3.9,0.0,0.0,0.0
52,2020-03-14,3,0,100,0,0,0,24,0,0.0,0.0,3.0,0.0,0.0,0.0
53,2020-03-15,5,0,130,0,2,0,30,0,0.0,0.0,3.8,6.7,0.0,0.0
54,2020-03-16,8,0,157,2,3,0,27,2,0.0,0.0,5.1,11.1,25.0,66.7
55,2020-03-17,10,0,206,3,2,0,49,1,0.0,0.0,4.9,4.1,30.0,50.0
56,2020-03-18,14,1,216,3,4,1,10,0,7.1,25.0,6.5,40.0,21.4,0.0
57,2020-03-19,17,1,262,3,3,0,46,0,5.9,0.0,6.5,6.5,17.6,0.0
58,2020-03-20,20,1,298,3,3,0,36,0,5.0,0.0,6.7,8.3,15.0,0.0
59,2020-03-21,25,2,388,3,5,1,90,0,8.0,20.0,6.4,5.6,12.0,0.0
60,2020-03-22,27,2,453,3,2,0,65,0,7.4,0.0,6.0,3.1,11.1,0.0
61,2020-03-23,33,3,509,3,6,1,56,0,9.1,16.7,6.5,10.7,9.1,0.0
62,2020-03-24,39,4,601,5,6,1,92,2,10.3,16.7,6.5,6.5,12.8,33.3
63,2020-03-25,39,5,683,7,0,1,82,2,12.8,inf,5.7,0.0,17.9,inf
64,2020-03-26,44,5,809,11,5,0,126,4,11.4,0.0,5.4,4.0,25.0,80.0
65,2020-03-27,48,5,915,11,4,0,106,0,10.4,0.0,5.2,3.8,22.9,0.0
66,2020-03-28,48,5,965,15,0,0,50,4,10.4,,5.0,0.0,31.2,inf
67,2020-03-29,48,5,1074,15,0,0,109,0,10.4,,4.5,0.0,31.2,
68,2020-03-30,49,5,1227,19,1,0,153,4,10.2,0.0,4.0,0.7,38.8,400.0
69,2020-03-31,51,5,1491,25,2,0,264,6,9.8,0.0,3.4,0.8,49.0,300.0
70,2020-04-01,54,6,1648,25,3,1,157,0,11.1,33.3,3.3,1.9,46.3,0.0
71,2020-04-02,56,6,1789,25,2,0,141,0,10.7,0.0,3.1,1.4,44.6,0.0
72,2020-04-03,61,6,1969,26,5,0,180,1,9.8,0.0,3.1,2.8,42.6,20.0
73,2020-04-04,70,8,2403,30,9,2,434,4,11.4,22.2,2.9,2.1,42.9,44.4
74,2020-04-05,88,9,2770,33,18,1,367,3,10.2,5.6,3.2,4.9,37.5,16.7
75,2020-04-06,123,12,3238,33,35,3,468,0,9.8,8.6,3.8,7.5,26.8,0.0
76,2020-04-07,164,17,4030,33,41,5,792,0,10.4,12.2,4.1,5.2,20.1,0.0
77,2020-04-08,218,20,5011,33,54,3,981,0,9.2,5.6,4.4,5.5,15.1,0.0
78,2020-04-09,330,21,5916,33,112,1,905,0,6.4,0.9,5.6,12.4,10.0,0.0
79,2020-04-10,424,27,7064,33,94,6,1148,0,6.4,6.4,6.0,8.2,7.8,0.0
80,2020-04-11,482,30,8018,36,58,3,954,3,6.2,5.2,6.0,6.1,7.5,5.2
81,2020-04-12,621,34,9358,39,139,4,1340,3,5.5,2.9,6.6,10.4,6.3,2.2
82,2020-04-13,803,39,10928,42,182,5,1570,3,4.9,2.7,7.3,11.6,5.2,1.6
83,2020-04-14,1012,46,12833,42,209,7,1905,0,4.5,3.3,7.9,11.0,4.2,0.0
84,2020-04-15,1231,50,14573,49,219,4,1740,7,4.1,1.8,8.4,12.6,4.0,3.2
85,2020-04-16,1572,60,16708,49,341,10,2135,0,3.8,2.9,9.4,16.0,3.1,0.0
86,2020-04-17,1838,75,18898,58,266,15,2190,9,4.1,5.6,9.7,12.1,3.2,3.4
87,2020-04-18,2144,84,21012,66,306,9,2114,8,3.9,2.9,10.2,14.5,3.1,2.6
88,2020-04-19,2456,91,23646,75,312,7,2634,9,3.7,2.2,10.4,11.8,3.1,2.9
89,2020-04-20,2948,101,26425,85,492,10,2779,10,3.4,2.0,11.2,17.7,2.9,2.0
90,2020-04-21,3382,110,29399,87,434,9,2974,2,3.3,2.1,11.5,14.6,2.6,0.5
91,2020-04-22,3772,120,32442,92,390,10,3043,5,3.2,2.6,11.6,12.8,2.4,1.3
92,2020-04-23,4186,127,35902,108,414,7,3460,16,3.0,1.7,11.7,12.0,2.6,3.9
93,2020-04-24,4689,131,39288,112,503,4,3386,4,2.8,0.8,11.9,14.9,2.4,0.8
94,2020-04-25,4998,140,42925,113,309,9,3637,1,2.8,2.9,11.6,8.5,2.3,0.3
95,2020-04-26,5416,145,46401,122,418,5,3476,9,2.7,1.2,11.7,12.0,2.3,2.2
96,2020-04-27,5913,152,50213,131,497,7,3812,9,2.6,1.4,11.8,13.0,2.2,1.8
97,2020-04-28,6462,155,54545,139,549,3,4332,8,2.4,0.5,11.8,12.7,2.2,1.5
98,2020-04-29,7103,163,59513,150,641,8,4968,11,2.3,1.2,11.9,12.9,2.1,1.7
99,2020-04-30,7667,168,64478,160,564,5,4965,10,2.2,0.9,11.9,11.4,2.1,1.8
100,2020-05-01,8238,170,70051,174,571,2,5573,14,2.1,0.4,11.8,10.2,2.1,2.5
101,2020-05-02,8790,175,75878,177,552,5,5827,3,2.0,0.9,11.6,9.5,2.0,0.5
102,2020-05-03,9455,177,81246,1063,665,2,5368,886,1.9,0.3,11.6,12.4,11.2,133.2
103,2020-05-04,10143,182,87506,1209,688,5,6260,146,1.8,0.7,11.6,11.0,11.9,21.2
104,2020-05-05,10929,183,93217,1403,786,1,5711,194,1.7,0.1,11.7,13.8,12.8,24.7
105,2020-05-06,11719,186,99458,1403,790,3,6241,0,1.6,0.4,11.8,12.7,12.0,0.0
106,2020-05-07,12425,199,105325,1910,706,13,5867,507,1.6,1.8,11.8,12.0,15.4,71.8
107,2020-05-08,13134,206,111266,2101,709,7,5941,191,1.6,1.0,11.8,11.9,16.0,26.9
108,2020-05-09,13770,214,116784,2414,636,8,5518,313,1.6,1.3,11.8,11.5,17.5,49.2
109,2020-05-10,14657,228,122522,2650,887,14,5738,236,1.6,1.6,12.0,15.5,18.1,26.6
110,2020-05-11,15691,239,129730,2902,1034,11,7208,252,1.5,1.1,12.1,14.3,18.5,24.4
111,2020-05-12,16660,250,136503,3147,969,11,6773,245,1.5,1.1,12.2,14.3,18.9,25.3
112,2020-05-13,17822,269,144403,3361,1162,19,7900,214,1.5,1.6,12.3,14.7,18.9,18.4
113,2020-05-14,18863,283,151795,3361,1041,14,7392,0,1.5,1.3,12.4,14.1,17.8,0.0
114,2020-05-15,20065,298,160377,3882,1202,15,8582,521,1.5,1.2,12.5,14.0,19.3,43.3
115,2020-05-16,20995,314,166979,4117,930,16,6602,235,1.5,1.7,12.6,14.1,19.6,25.3
116,2020-05-17,22268,328,175093,4373,1273,14,8114,256,1.5,1.1,12.7,15.7,19.6,20.1
117,2020-05-18,23870,349,184951,4585,1602,21,9858,212,1.5,1.3,12.9,16.3,19.2,13.2
118,2020-05-19,25121,370,193510,4993,1251,21,8559,408,1.5,1.7,13.0,14.6,19.9,32.6
119,2020-05-20,26738,386,203717,5207,1617,16,10207,214,1.4,1.0,13.1,15.8,19.5,13.2
120,2020-05-21,28511,408,213979,5602,1773,22,10262,395,1.4,1.2,13.3,17.3,19.6,22.3
121,2020-05-22,30205,432,223706,6190,1694,24,9727,588,1.4,1.4,13.5,17.4,20.5,34.7
122,2020-05-23,32078,452,234540,6486,1873,20,10834,296,1.4,1.1,13.7,17.3,20.2,15.8
123,2020-05-24,33610,480,243448,6901,1532,28,8908,415,1.4,1.8,13.8,17.2,20.5,27.1
124,2020-05-25,35585,501,252899,7334,1975,21,9451,433,1.4,1.1,14.1,20.9,20.6,21.9
125,2020-05-26,36751,522,258415,7579,1166,21,5516,245,1.4,1.8,14.2,21.1,20.6,21.0
126,2020-05-27,38292,544,266321,7925,1541,22,7906,346,1.4,1.4,14.4,19.5,20.7,22.5
127,2020-05-28,40321,559,275641,8425,2029,15,9320,500,1.4,0.7,14.6,21.8,20.9,24.6
128,2020-05-29,42844,582,286932,9015,2523,23,11291,590,1.4,0.9,14.9,22.3,21.0,23.4
129,2020-05-30,44608,610,296919,9375,1764,28,9987,360,1.4,1.6,15.0,17.7,21.0,20.4
130,2020-05-31,47153,650,308795,9781,2545,40,11876,406,1.4,1.6,15.3,21.4,20.7,16.0
131,2020-06-01,49534,672,320834,10597,2381,22,12039,816,1.4,0.9,15.4,19.8,21.4,34.3
132,2020-06-02,52445,709,332938,11120,2911,37,12104,523,1.4,1.3,15.8,24.0,21.2,18.0
133,2020-06-03,55140,746,345448,11590,2695,37,12510,470,1.4,1.4,16.0,21.5,21.0,17.4
134,2020-06-04,57563,781,358142,12161,2423,35,12694,571,1.4,1.4,16.1,19.1,21.1,23.6
135,2020-06-05,60391,811,372230,12804,2828,30,14088,643,1.3,1.1,16.2,20.1,21.2,22.7
136,2020-06-06,63026,846,384716,13325,2635,35,12486,521,1.3,1.3,16.4,21.1,21.1,19.8
137,2020-06-07,65769,888,397852,13903,2743,42,13136,578,1.4,1.5,16.5,20.9,21.1,21.1
138,2020-06-08,68504,930,410706,14560,2735,42,12854,657,1.4,1.5,16.7,21.3,21.3,24.0
139,2020-06-09,71675,975,425460,15337,3171,45,14754,777,1.4,1.4,16.8,21.5,21.4,24.5
140,2020-06-10,74865,1012,441425,15900,3190,37,15965,563,1.4,1.2,17.0,20.0,21.2,17.6
141,2020-06-11,78052,1049,457197,16747,3187,37,15772,847,1.3,1.2,17.1,20.2,21.5,26.6
142,2020-06-12,81523,1095,473187,17249,3471,46,15990,502,1.3,1.3,17.2,21.7,21.2,14.5
143,2020-06-13,84379,1139,489825,17828,2856,44,16638,579,1.3,1.5,17.2,17.2,21.1,20.3
144,2020-06-14,87520,1171,504330,18730,3141,32,14505,902,1.3,1.0,17.4,21.7,21.4,28.7
145,2020-06-15,90619,1209,519368,18731,3099,38,15038,1,1.3,1.2,17.4,20.6,20.7,0.0
146,2020-06-16,94481,1262,536582,36264,3862,53,17214,17533,1.3,1.4,17.6,22.4,38.4,454.0
147,2020-06-17,98489,1305,554109,38189,4008,43,17527,1925,1.3,1.1,17.8,22.9,38.8,48.0
148,2020-06-18,102292,1343,570368,40164,3803,38,16259,1975,1.3,1.0,17.9,23.4,39.3,51.9
149,2020-06-19,105535,1388,585413,42945,3243,45,15045,2781,1.3,1.4,18.0,21.6,40.7,85.8
150,2020-06-20,108775,1425,599444,43993,3240,37,14031,1048,1.3,1.1,18.1,23.1,40.4,32.3
151,2020-06-21,112306,1464,615029,45077,3531,39,15585,1084,1.3,1.1,18.3,22.7,40.1,30.7
152,2020-06-22,115786,1502,630584,46755,3480,38,15555,1678,1.3,1.1,18.4,22.4,40.4,48.2
153,2020-06-23,119198,1545,646876,47635,3412,43,16292,880,1.3,1.3,18.4,20.9,40.0,25.8
154,2020-06-24,122660,1582,663309,49666,3462,37,16433,2031,1.3,1.1,18.5,21.1,40.5,58.7
155,2020-06-25,126606,1621,681308,51495,3946,39,17999,1829,1.3,1.0,18.6,21.9,40.7,46.4
156,2020-06-26,130474,1661,699806,53133,3868,40,18498,1638,1.3,1.0,18.6,20.9,40.7,42.3
157,2020-06-27,133978,1695,714963,54318,3504,34,15157,1185,1.3,1.0,18.7,23.1,40.5,33.8
158,2020-06-28,137787,1738,733062,55727,3809,43,18099,1409,1.3,1.1,18.8,21.0,40.4,37.0
159,2020-06-29,141801,1783,750899,57780,4014,45,17837,2053,1.3,1.1,18.9,22.5,40.7,51.1
160,2020-06-30,145483,1847,769325,59624,3682,64,18426,1844,1.3,1.7,18.9,20.0,41.0,50.1
161,2020-07-01,149258,1888,787200,62108,3775,41,17875,2484,1.3,1.1,19.0,21.1,41.6,65.8
162,2020-07-02,153277,1926,805562,66442,4019,38,18362,4334,1.3,0.9,19.0,21.9,43.3,107.8
163,2020-07-03,156391,1968,820212,68048,3114,42,14650,1606,1.3,1.3,19.1,21.3,43.5,51.6
164,2020-07-04,159679,1997,834939,70721,3288,29,14727,2673,1.3,0.9,19.1,22.3,44.3,81.3
165,2020-07-05,162417,2052,848927,72625,2738,55,13988,1904,1.3,2.0,19.1,19.6,44.7,69.5
166,2020-07-06,165618,2096,863172,76149,3201,44,14245,3524,1.3,1.4,19.2,22.5,46.0,110.1
167,2020-07-07,168645,2151,876345,78102,3027,55,13173,1953,1.3,1.8,19.2,23.0,46.3,64.5
168,2020-07-08,172134,2197,892017,80838,3489,46,15672,2736,1.3,1.3,19.3,22.3,47.0,78.4
169,2020-07-09,175494,2238,907649,84544,3360,41,15632,3706,1.3,1.2,19.3,21.5,48.2,110.3
170,2020-07-10,178443,2275,921137,86406,2949,37,13488,1862,1.3,1.3,19.4,21.9,48.4,63.1
171,2020-07-11,181129,2305,932330,88034,2686,30,11193,1628,1.3,1.1,19.4,24.0,48.6,60.6
172,2020-07-12,183795,2352,943389,93614,2666,47,11059,5580,1.3,1.8,19.5,24.1,50.9,209.3
173,2020-07-13,186894,2391,955812,98317,3099,39,12423,4703,1.3,1.3,19.6,24.9,52.6,151.8
174,2020-07-14,190057,2424,969265,103227,3163,33,13453,4910,1.3,1.0,19.6,23.5,54.3,155.2
175,2020-07-15,193590,2457,983267,105523,3533,33,14002,2296,1.3,0.9,19.7,25.2,54.5,65.0
176,2020-07-16,196323,2496,996156,106963,2733,39,12889,1440,1.3,1.4,19.7,21.2,54.5,52.7
177,2020-07-17,199357,2547,1009616,108725,3034,51,13460,1762,1.3,1.7,19.7,22.5,54.5,58.1
178,2020-07-18,202066,2581,1020539,110098,2709,34,10923,1373,1.3,1.3,19.8,24.8,54.5,50.7
179,2020-07-19,204525,2618,1031164,111642,2459,37,10625,1544,1.3,1.5,19.8,23.1,54.6,62.8
180,2020-07-20,207453,2668,1044526,113556,2928,50,13362,1914,1.3,1.7,19.9,21.9,54.7,65.4
181,2020-07-21,210510,2709,1057424,115397,3057,41,12898,1841,1.3,1.3,19.9,23.7,54.8,60.2
182,2020-07-22,213254,2751,1069474,117202,2744,42,12050,1805,1.3,1.5,19.9,22.8,55.0,65.8
183,2020-07-23,216110,2801,1081872,119208,2856,50,12398,2006,1.3,1.8,20.0,23.0,55.2,70.2
184,2020-07-24,218658,2836,1093899,120976,2548,35,12027,1768,1.3,1.4,20.0,21.2,55.3,69.4
185,2020-07-25,221178,2874,1104345,122090,2520,38,10446,1114,1.3,1.5,20.0,24.1,55.2,44.2
186,2020-07-26,223453,2928,1114423,123882,2275,54,10078,1792,1.3,2.4,20.1,22.6,55.4,78.8
187,2020-07-27,226225,2965,1127282,125683,2772,37,12859,1801,1.3,1.3,20.1,21.6,55.6,65.0
188,2020-07-28,229185,3000,1139996,127414,2960,35,12714,1731,1.3,1.2,20.1,23.3,55.6,58.5
189,2020-07-29,232194,3035,1154123,130292,3009,35,14127,2878,1.3,1.2,20.1,21.3,56.1,95.6
190,2020-07-30,234889,3083,1167060,132960,2695,48,12937,2668,1.3,1.8,20.1,20.8,56.6,99.0
191,2020-07-31,237661,3111,1179674,135136,2772,28,12614,2176,1.3,1.0,20.1,22.0,56.9,78.5
192,2020-08-01,239860,3132,1188476,136253,2199,21,8802,1117,1.3,1.0,20.2,25.0,56.8,50.8
193,2020-08-02,240746,3154,1192160,136839,886,22,3684,586,1.3,2.5,20.2,24.0,56.8,66.1
194,2020-08-03,242102,3184,1196409,137905,1356,30,4249,1066,1.3,2.2,20.2,31.9,57.0,78.6
195,2020-08-04,244020,3234,1204121,139860,1918,50,7712,1955,1.3,2.6,20.3,24.9,57.3,101.9
196,2020-08-05,246674,3267,1215281,141750,2654,33,11160,1890,1.3,1.2,20.3,23.8,57.5,71.2
197,2020-08-06,249651,3306,1227989,143824,2977,39,12708,2074,1.3,1.3,20.3,23.4,57.6,69.7
198,2020-08-07,252502,3333,1240688,145584,2851,27,12699,1760,1.3,0.9,20.4,22.5,57.7,61.7
199,2020-08-08,255113,3365,1252425,146604,2611,32,11737,1020,1.3,1.2,20.4,22.2,57.5,39.1
200,2020-08-09,257600,3399,1263184,148370,2487,34,10759,1766,1.3,1.4,20.4,23.1,57.6,71.0
201,2020-08-10,260507,3438,1276033,150437,2907,39,12849,2067,1.3,1.3,20.4,22.6,57.7,71.1
202,2020-08-11,263503,3471,1290853,151972,2996,33,14820,1535,1.3,1.1,20.4,20.2,57.7,51.2
203,2020-08-12,266498,3513,1305604,153089,2995,42,14751,1117,1.3,1.4,20.4,20.3,57.4,37.3
204,2020-08-13,269115,3557,1318766,154871,2617,44,13162,1782,1.3,1.7,20.4,19.9,57.5,68.1
205,2020-08-14,271881,3591,1331622,156623,2766,34,12856,1752,1.3,1.2,20.4,21.5,57.6,63.3
206,2020-08-15,274525,3625,1344513,157635,2644,34,12891,1012,1.3,1.3,20.4,20.5,57.4,38.3
207,2020-08-16,276549,3657,1354531,158950,2024,32,10018,1315,1.3,1.6,20.4,20.2,57.5,65.0
208,2020-08-17,279144,3694,1367054,160591,2595,37,12523,1641,1.3,1.4,20.4,20.7,57.5,63.2
209,2020-08-18,282344,3740,1381688,162825,3200,46,14634,2234,1.3,1.4,20.4,21.9,57.7,69.8
210,2020-08-19,285091,3781,1396366,165738,2747,41,14678,2913,1.3,1.5,20.4,18.7,58.1,106.0
211,2020-08-20,287959,3822,1410425,168991,2868,41,14059,3253,1.3,1.4,20.4,20.4,58.7,113.4
212,2020-08-21,290360,3861,1423368,172615,2401,39,12943,3624,1.3,1.6,20.4,18.6,59.4,150.9
213,2020-08-22,292625,3907,1434733,175567,2265,46,11365,2952,1.3,2.0,20.4,19.9,60.0,130.3
214,2020-08-23,294598,3941,1445534,179091,1973,34,10801,3524,1.3,1.7,20.4,18.3,60.8,178.6
215,2020-08-24,297083,3983,1458916,182875,2485,42,13382,3784,1.3,1.7,20.4,18.6,61.6,152.3
216,2020-08-25,299628,4028,1473069,186756,2545,45,14153,3881,1.3,1.8,20.3,18.0,62.3,152.5
217,2020-08-26,302147,4082,1488139,190183,2519,54,15070,3427,1.4,2.1,20.3,16.7,62.9,136.0
218,2020-08-27,304583,4127,1503263,193458,2436,45,15124,3275,1.4,1.8,20.3,16.1,63.5,134.4
219,2020-08-28,306794,4174,1517004,196836,2211,47,13741,3378,1.4,2.1,20.2,16.1,64.2,152.8
220,2020-08-29,308925,4206,1528693,198863,2131,32,11689,2027,1.4,1.5,20.2,18.2,64.4,95.1
221,2020-08-30,310822,4248,1540627,201907,1897,42,11934,3044,1.4,2.2,20.2,15.9,65.0,160.5
222,2020-08-31,312996,4281,1553081,204887,2174,33,12454,2980,1.4,1.5,20.2,17.5,65.5,137.1
223,2020-09-01,314946,4316,1565290,208177,1950,35,12209,3290,1.4,1.8,20.1,16.0,66.1,168.7
224,2020-09-02,317528,4351,1580494,211016,2582,35,15204,2839,1.4,1.4,20.1,17.0,66.5,110.0
225,2020-09-03,319686,4383,1594916,213980,2158,32,14422,2964,1.4,1.5,20.0,15.0,66.9,137.3
226,2020-09-04,321615,4412,1607989,216191,1929,29,13073,2211,1.4,1.5,20.0,14.8,67.2,114.6
227,2020-09-05,323565,4447,1620836,217852,1950,35,12847,1661,1.4,1.8,20.0,15.2,67.3,85.2
228,2020-09-06,325157,4479,1632190,221275,1592,32,11354,3423,1.4,2.0,19.9,14.0,68.1,215.0
229,2020-09-07,327359,4516,1647602,224573,2202,37,15412,3298,1.4,1.7,19.9,14.3,68.6,149.8
230,2020-09-08,329251,4552,1662575,227809,1892,36,14973,3236,1.4,1.9,19.8,12.6,69.2,171.0
231,2020-09-09,331078,4593,1677330,230804,1827,41,14755,2995,1.4,2.2,19.7,12.4,69.7,163.9
232,2020-09-10,332970,4634,1692889,233550,1892,41,15559,2746,1.4,2.2,19.7,12.2,70.1,145.1
233,2020-09-11,334762,4668,1707636,236024,1792,34,14747,2474,1.4,1.9,19.6,12.2,70.5,138.1
234,2020-09-12,336044,4702,1718359,238271,1282,34,10723,2247,1.4,2.7,19.6,12.0,70.9,175.3
235,2020-09-13,337520,4733,1731358,240643,1476,31,12999,2372,1.4,2.1,19.5,11.4,71.3,160.7
236,2020-09-14,339332,4759,1745574,243155,1812,26,14216,2512,1.4,1.4,19.4,12.7,71.7,138.6
237,2020-09-15,341056,4802,1759624,245594,1724,43,14050,2439,1.4,2.5,19.4,12.3,72.0,141.5
238,2020-09-16,342671,4823,1772984,247969,1615,21,13360,2375,1.4,1.3,19.3,12.1,72.4,147.1
239,2020-09-17,344264,4859,1786657,250412,1593,36,13673,2443,1.4,2.3,19.3,11.7,72.7,153.4
240,2020-09-18,345805,4881,1799387,252335,1541,22,12730,1923,1.4,1.4,19.2,12.1,73.0,124.8
241,2020-09-19,347372,4913,1812557,254386,1567,32,13170,2051,1.4,2.0,19.2,11.9,73.2,130.9
242,2020-09-20,348918,4939,1824148,256565,1546,26,11591,2179,1.4,1.7,19.1,13.3,73.5,140.9
243,2020-09-21,350621,4979,1837115,258717,1703,40,12967,2152,1.4,2.3,19.1,13.1,73.8,126.4
244,2020-09-22,352178,5007,1851279,260790,1557,28,14164,2073,1.4,1.8,19.0,11.0,74.1,133.1
245,2020-09-23,353844,5044,1865429,262953,1666,37,14150,2163,1.4,2.2,19.0,11.8,74.3,129.8
246,2020-09-24,355384,5072,1878329,265092,1540,28,12900,2139,1.4,1.8,18.9,11.9,74.6,138.9
247,2020-09-25,356767,5093,1890802,267024,1383,21,12473,1932,1.4,1.5,18.9,11.1,74.8,139.7
248,2020-09-26,357873,5129,1901567,268777,1106,36,10765,1753,1.4,3.3,18.8,10.3,75.1,158.5
249,2020-09-27,359148,5161,1912252,270491,1275,32,10685,1714,1.4,2.5,18.8,11.9,75.3,134.4
250,2020-09-28,360555,5193,1924174,272073,1407,32,11922,1582,1.4,2.3,18.7,11.8,75.5,112.4
251,2020-09-29,362043,5219,1937043,273698,1488,26,12869,1625,1.4,1.7,18.7,11.6,75.6,109.2
252,2020-09-30,363479,5251,1950447,275487,1436,32,13404,1789,1.4,2.2,18.6,10.7,75.8,124.6
253,2020-10-01,364987,5272,1961867,277078,1508,21,11420,1591,1.4,1.4,18.6,13.2,75.9,105.5
254,2020-10-02,366383,5305,1973043,278627,1396,33,11176,1549,1.4,2.4,18.6,12.5,76.0,111.0
255,2020-10-03,367565,5325,1982597,280069,1182,20,9554,1442,1.4,1.7,18.5,12.4,76.2,122.0
256,2020-10-04,368690,5348,1992456,281656,1125,23,9859,1587,1.5,2.0,18.5,11.4,76.4,141.1
257,2020-10-05,370132,5375,2004223,283182,1442,27,11767,1526,1.5,1.9,18.5,12.3,76.5,105.8
258,2020-10-06,371631,5405,2016568,284833,1499,30,12345,1651,1.5,2.0,18.4,12.1,76.6,110.1
259,2020-10-07,373151,5440,2029656,286631,1520,35,13088,1798,1.5,2.3,18.4,11.6,76.8,118.3
260,2020-10-08,374592,5460,2042261,288316,1441,20,12605,1685,1.5,1.4,18.3,11.4,77.0,116.9
261,2020-10-09,375870,5477,2053517,289912,1278,17,11256,1596,1.5,1.3,18.3,11.4,77.1,124.9
262,2020-10-10,377073,5500,2064376,291365,1203,23,10859,1453,1.5,1.9,18.3,11.1,77.3,120.8
263,2020-10-11,378266,5524,2073843,292860,1193,24,9467,1495,1.5,2.0,18.2,12.6,77.4,125.3
264,2020-10-12,379738,5555,2087070,294391,1472,31,13227,1531,1.5,2.1,18.2,11.1,77.5,104.0
265,2020-10-13,381275,5577,2100885,295873,1537,22,13815,1482,1.5,1.4,18.1,11.1,77.6,96.4
266,2020-10-14,382959,5593,2115296,297449,1684,16,14411,1576,1.5,1.0,18.1,11.7,77.7,93.6
267,2020-10-15,384559,5608,2129400,299229,1600,15,14104,1780,1.5,0.9,18.1,11.3,77.8,111.2
268,2020-10-16,386086,5623,2142977,300738,1527,15,13577,1509,1.5,1.0,18.0,11.2,77.9,98.8
269,2020-10-17,387295,5646,2154550,302298,1209,23,11573,1560,1.5,1.9,18.0,10.4,78.1,129.0
270,2020-10-18,388569,5660,2166416,303972,1274,14,11866,1674,1.5,1.1,17.9,10.7,78.2,131.4
271,2020-10-19,390206,5681,2181562,305599,1637,21,15146,1627,1.5,1.3,17.9,10.8,78.3,99.4
272,2020-10-20,391586,5699,2195173,307141,1380,18,13611,1542,1.5,1.3,17.8,10.1,78.4,111.7
273,2020-10-21,393131,5723,2209259,308845,1545,24,14086,1704,1.5,1.6,17.8,11.0,78.6,110.3
274,2020-10-22,394827,5747,2224217,310532,1696,24,14958,1687,1.5,1.4,17.8,11.3,78.7,99.5
275,2020-10-23,396413,5761,2238336,312065,1586,14,14119,1533,1.5,0.9,17.7,11.2,78.7,96.7
276,2020-10-24,397507,5780,2249334,313563,1094,19,10998,1498,1.5,1.7,17.7,9.9,78.9,136.9
277,2020-10-25,398815,5803,2261091,315107,1308,23,11757,1544,1.5,1.8,17.6,11.1,79.0,118.0
278,2020-10-26,400251,5818,2274849,316600,1436,15,13758,1493,1.5,1.0,17.6,10.4,79.1,104.0
279,2020-10-27,401586,5838,2287466,318123,1335,20,12617,1523,1.5,1.5,17.6,10.6,79.2,114.1
280,2020-10-28,403079,5861,2299823,319733,1493,23,12357,1610,1.5,1.5,17.5,12.1,79.3,107.8
281,2020-10-29,404760,5886,2314091,321281,1681,25,14268,1548,1.5,1.5,17.5,11.8,79.4,92.1
282,2020-10-30,406364,5905,2328232,322703,1604,19,14141,1422,1.5,1.2,17.5,11.3,79.4,88.7
283,2020-10-31,407684,5923,2339764,324145,1320,18,11532,1442,1.5,1.4,17.4,11.4,79.5,109.2
284,2020-11-01,409252,5941,2352313,325940,1568,18,12549,1795,1.5,1.1,17.4,12.5,79.6,114.5
285,2020-11-02,410988,5966,2365204,327901,1736,25,12891,1961,1.5,1.4,17.4,13.5,79.8,113.0
286,2020-11-03,412647,5983,2379265,329787,1659,17,14061,1886,1.4,1.0,17.3,11.8,79.9,113.7
287,2020-11-04,414164,6004,2393179,331697,1517,21,13914,1910,1.4,1.4,17.3,10.9,80.1,125.9
288,2020-11-05,416006,6021,2408404,333588,1842,17,15225,1891,1.4,0.9,17.3,12.1,80.2,102.7
289,2020-11-06,417475,6036,2421925,335027,1469,15,13521,1439,1.4,1.0,17.2,10.9,80.3,98.0
290,2020-11-07,418764,6049,2433344,336568,1289,13,11419,1541,1.4,1.0,17.2,11.3,80.4,119.6
291,2020-11-08,420238,6067,2446104,338145,1474,18,12760,1577,1.4,1.2,17.2,11.6,80.5,107.0
292,2020-11-09,421921,6092,2460146,339768,1683,25,14042,1623,1.4,1.5,17.2,12.0,80.5,96.4
293,2020-11-10,423620,6108,2473666,341416,1699,16,13520,1648,1.4,0.9,17.1,12.6,80.6,97.0
294,2020-11-11,425353,6127,2488190,343131,1733,19,14524,1715,1.4,1.1,17.1,11.9,80.7,99.0
295,2020-11-12,427198,6140,2505302,344868,1845,13,17112,1737,1.4,0.7,17.1,10.8,80.7,94.1
296,2020-11-13,428965,6159,2518841,346387,1767,19,13539,1519,1.4,1.1,17.0,13.1,80.7,86.0
297,2020-11-14,430496,6173,2530636,347849,1531,14,11795,1462,1.4,0.9,17.0,13.0,80.8,95.5
298,2020-11-15,432333,6194,2544696,349542,1837,21,14060,1693,1.4,1.1,17.0,13.1,80.9,92.2
299,2020-11-16,434472,6215,2560464,351146,2139,21,15768,1604,1.4,1.0,17.0,13.6,80.8,75.0
300,2020-11-17,436684,6254,2576454,352895,2212,39,15990,1749,1.4,1.8,16.9,13.8,80.8,79.1
301,2020-11-18,438795,6275,2592923,354788,2111,21,16469,1893,1.4,1.0,16.9,12.8,80.9,89.7
302,2020-11-19,441159,6305,2610454,356722,2364,30,17531,1934,1.4,1.3,16.9,13.5,80.9,81.8
303,2020-11-20,443434,6322,2626061,358431,2275,17,15607,1709,1.4,0.7,16.9,14.6,80.8,75.1
304,2020-11-21,445281,6350,2638704,360352,1847,28,12643,1921,1.4,1.5,16.9,14.6,80.9,104.0
305,2020-11-22,447341,6388,2652574,362428,2060,38,13870,2076,1.4,1.8,16.9,14.9,81.0,100.8
306,2020-11-23,449760,6416,2668633,364611,2419,28,16059,2183,1.4,1.2,16.9,15.1,81.1,90.2
307,2020-11-24,451990,6448,2683651,366877,2230,32,15018,2266,1.4,1.4,16.8,14.8,81.2,101.6
308,2020-11-25,454146,6487,2699652,369179,2156,39,16001,2302,1.4,1.8,16.8,13.5,81.3,106.8
309,2020-11-26,456438,6524,2716704,371453,2292,37,17052,2274,1.4,1.6,16.8,13.4,81.4,99.2
310,2020-11-27,458711,6544,2733082,373676,2273,20,16378,2223,1.4,0.9,16.8,13.9,81.5,97.8
311,2020-11-28,460619,6580,2747094,375885,1908,36,14012,2209,1.4,1.9,16.8,13.6,81.6,115.8
312,2020-11-29,462407,6609,2760831,378172,1788,29,13737,2287,1.4,1.6,16.7,13.0,81.8,127.9
313,2020-11-30,464932,6644,2774568,380711,2525,35,13737,2539,1.4,1.4,16.8,18.4,81.9,100.6
314,2020-12-01,467225,6675,2790069,383224,2293,31,15501,2513,1.4,1.4,16.7,14.8,82.0,109.6
315,2020-12-02,469423,6713,2806041,385786,2198,38,15972,2562,1.4,1.7,16.7,13.8,82.2,116.6
316,2020-12-03,471739,6748,2822848,388379,2316,35,16807,2593,1.4,1.5,16.7,13.8,82.3,112.0
317,2020-12-04,473991,6772,2838278,390951,2252,24,15430,2572,1.4,1.1,16.7,14.6,82.5,114.2
318,2020-12-05,475789,6807,2851818,393408,1798,35,13540,2457,1.4,1.9,16.7,13.3,82.7,136.7
319,2020-12-06,477545,6838,2865036,395960,1756,31,13218,2552,1.4,1.8,16.7,13.3,82.9,145.3
320,2020-12-07,479743,6874,2879405,398623,2198,36,14369,2663,1.4,1.6,16.7,15.3,83.1,121.2
321,2020-12-08,481945,6906,2896489,401194,2202,32,17084,2571,1.4,1.5,16.6,12.9,83.2,116.8
322,2020-12-09,484104,6930,2913531,405966,2159,24,17042,4772,1.4,1.1,16.6,12.7,83.9,221.0
323,2020-12-10,485965,6967,2929796,410452,1861,37,16265,4486,1.4,2.0,16.6,11.4,84.5,241.1
324,2020-12-11,487849,6986,2946119,414318,1884,19,16323,3866,1.4,1.0,16.6,11.5,84.9,205.2
325,2020-12-12,489178,7020,2958749,417503,1329,34,12630,3185,1.4,2.6,16.5,10.5,85.3,239.7
326,2020-12-13,490533,7052,2971497,420896,1355,32,12748,3393,1.4,2.4,16.5,10.6,85.8,250.4
327,2020-12-14,492332,7089,2988325,423845,1799,37,16828,2949,1.4,2.1,16.5,10.7,86.1,163.9
328,2020-12-15,494209,7129,3007379,426729,1877,40,19054,2884,1.4,2.1,16.4,9.9,86.3,153.6
329,2020-12-16,495841,7156,3024404,429351,1632,27,17025,2622,1.4,1.7,16.4,9.6,86.6,160.7
330,2020-12-17,496975,7192,3037595,431590,1134,36,13191,2239,1.4,3.2,16.4,8.6,86.8,197.4
331,2020-12-18,498293,7217,3051931,433614,1318,25,14336,2024,1.4,1.9,16.3,9.2,87.0,153.6
332,2020-12-19,499560,7242,3064231,435601,1267,25,12300,1987,1.4,2.0,16.3,10.3,87.2,156.8
333,2020-12-20,500713,7280,3077547,437527,1153,38,13316,1926,1.5,3.3,16.3,8.7,87.4,167.0
334,2020-12-21,502183,7312,3093216,439694,1470,32,15669,2167,1.5,2.2,16.2,9.4,87.6,147.4
335,2020-12-22,503501,7329,3108361,441929,1318,17,15145,2235,1.5,1.3,16.2,8.7,87.8,169.6
336,2020-12-23,504868,7359,3124293,444345,1367,30,15932,2416,1.5,2.2,16.2,8.6,88.0,176.7
337,2020-12-24,506102,7378,3137520,446690,1234,19,13227,2345,1.5,1.5,16.1,9.3,88.3,190.0
338,2020-12-25,507265,7398,3151215,448803,1163,20,13695,2113,1.5,1.7,16.1,8.5,88.5,181.7
339,2020-12-26,508099,7428,3161127,450488,834,30,9912,1685,1.5,3.6,16.1,8.4,88.7,202.0
340,2020-12-27,509148,7452,3173777,451961,1049,24,12650,1473,1.5,2.3,16.0,8.3,88.8,140.4
341,2020-12-28,510080,7479,3186394,453318,932,27,12617,1357,1.5,2.9,16.0,7.4,88.9,145.6
342,2020-12-29,511261,7509,3200982,454563,1181,30,14588,1245,1.5,2.5,16.0,8.1,88.9,105.4
343,2020-12-30,512496,7531,3216211,456070,1235,22,15229,1507,1.5,1.8,15.9,8.1,89.0,122.0
344,2020-12-31,513510,7559,3229465,457459,1014,28,13254,1389,1.5,2.8,15.9,7.7,89.1,137.0
345,2021-01-01,514500,7576,3241568,458656,990,17,12103,1197,1.5,1.7,15.9,8.2,89.1,120.9
346,2021-01-02,515184,7599,3251269,459620,684,23,9701,964,1.5,3.4,15.8,7.1,89.2,140.9
347,2021-01-03,516019,7626,3262194,460598,835,27,10925,978,1.5,3.2,15.8,7.6,89.3,117.1
348,2021-01-04,516929,7650,3274290,461515,910,24,12096,917,1.5,2.6,15.8,7.5,89.3,100.8
349,2021-01-05,517920,7670,3288752,462459,991,20,14462,944,1.5,2.0,15.7,6.9,89.3,95.3
350,2021-01-06,518898,7687,3304296,463480,978,17,15544,1021,1.5,1.7,15.7,6.3,89.3,104.4
351,2021-01-07,519905,7718,3319677,464446,1007,31,15381,966,1.5,3.1,15.7,6.5,89.3,95.9
352,2021-01-08,520690,7734,3333358,465279,785,16,13681,833,1.5,2.0,15.6,5.7,89.4,106.1
353,2021-01-09,521382,7756,3346266,466064,692,22,12908,785,1.5,3.2,15.6,5.4,89.4,113.4
354,2021-01-10,522453,7781,3359186,466801,1071,25,12920,737,1.5,2.3,15.6,8.3,89.3,68.8
355,2021-01-11,523302,7803,3373283,467718,849,22,14097,917,1.5,2.6,15.5,6.0,89.4,108.0
356,2021-01-12,524020,7819,3387646,468681,718,16,14363,963,1.5,2.2,15.5,5.0,89.4,134.1
357,2021-01-13,524910,7833,3403373,469522,890,14,15727,841,1.5,1.6,15.4,5.7,89.4,94.5
358,2021-01-14,525723,7849,3419981,470405,813,16,16608,883,1.5,2.0,15.4,4.9,89.5,108.6
359,2021-01-15,526485,7862,3433659,471123,762,13,13678,718,1.5,1.7,15.3,5.6,89.5,94.2
360,2021-01-16,527063,7883,3445874,471756,578,21,12215,633,1.5,3.6,15.3,4.7,89.5,109.5
361,2021-01-17,527632,7906,3459320,472437,569,23,13446,681,1.5,4.0,15.3,4.2,89.5,119.7
362,2021-01-18,528329,7922,3472027,473173,697,16,12707,736,1.5,2.3,15.2,5.5,89.6,105.6
363,2021-01-19,529031,7942,3487124,473855,702,20,15097,682,1.5,2.8,15.2,4.6,89.6,97.2
364,2021-01-20,529687,7950,3502534,474472,656,8,15410,617,1.5,1.2,15.1,4.3,89.6,94.1
365,2021-01-21,530271,7966,3517295,475074,584,16,14761,602,1.5,2.7,15.1,4.0,89.6,103.1
366,2021-01-22,530890,7981,3532141,475561,619,15,14846,487,1.5,2.4,15.0,4.2,89.6,78.7
367,2021-01-23,531326,8003,3543256,475899,436,22,11115,338,1.5,5.0,15.0,3.9,89.6,77.5
368,2021-01-24,531799,8023,3557425,476413,473,20,14169,514,1.5,4.2,14.9,3.3,89.6,108.7
369,2021-01-25,532401,8041,3572254,476979,602,18,14829,566,1.5,3.0,14.9,4.1,89.6,94.0
370,2021-01-26,532916,8055,3586655,477426,515,14,14401,447,1.5,2.7,14.9,3.6,89.6,86.8
371,2021-01-27,533444,8072,3602587,477935,528,17,15932,509,1.5,3.2,14.8,3.3,89.6,96.4
372,2021-01-28,533953,8087,3617417,478546,509,15,14830,611,1.5,2.9,14.8,3.4,89.6,120.0
373,2021-01-29,534407,8094,3629492,478960,454,7,12075,414,1.5,1.5,14.7,3.8,89.6,91.2
374,2021-01-30,534770,8111,3641576,479297,363,17,12084,337,1.5,4.7,14.7,3.0,89.6,92.8
375,2021-01-31,535139,8127,3653801,479744,369,16,12225,447,1.5,4.3,14.6,3.0,89.6,121.1
376,2021-02-01,535582,8137,3666276,480216,443,10,12475,472,1.5,2.3,14.6,3.6,89.7,106.5
377,2021-02-02,536107,8149,3680728,480728,525,12,14452,512,1.5,2.3,14.6,3.6,89.7,97.5
378,2021-02-03,536545,8162,3695713,481306,438,13,14985,578,1.5,3.0,14.5,2.9,89.7,132.0
379,2021-02-04,537030,8175,3710986,481917,485,13,15273,611,1.5,2.7,14.5,3.2,89.7,126.0
380,2021-02-05,537465,8182,3726552,482424,435,7,15566,507,1.5,1.6,14.4,2.8,89.8,116.6
381,2021-02-06,537770,8190,3738687,482841,305,8,12135,417,1.5,2.6,14.4,2.5,89.8,136.7
382,2021-02-07,538062,8205,3751091,483372,292,15,12404,531,1.5,5.1,14.3,2.4,89.8,181.8
383,2021-02-08,538378,8221,3764853,483931,316,16,13762,559,1.5,5.1,14.3,2.3,89.9,176.9
384,2021-02-09,538765,8229,3779321,484573,387,8,14468,642,1.5,2.1,14.3,2.7,89.9,165.9
385,2021-02-10,539153,8239,3794320,485290,388,10,14999,717,1.5,2.6,14.2,2.6,90.0,184.8
386,2021-02-11,539531,8248,3810096,485971,378,9,15776,681,1.5,2.4,14.2,2.4,90.1,180.2
387,2021-02-12,539975,8253,3824424,486393,444,5,14328,422,1.5,1.1,14.1,3.1,90.1,95.0
388,2021-02-13,540266,8266,3837295,486767,291,13,12871,374,1.5,4.5,14.1,2.3,90.1,128.5
389,2021-02-14,540592,8274,3850195,487229,326,8,12900,462,1.5,2.5,14.0,2.5,90.1,141.7
390,2021-02-15,541038,8285,3864333,487870,446,11,14138,641,1.5,2.5,14.0,3.2,90.2,143.7
391,2021-02-16,541434,8298,3879121,488621,396,13,14788,751,1.5,3.3,14.0,2.7,90.2,189.6
392,2021-02-17,541877,8314,3895733,489254,443,16,16612,633,1.5,3.6,13.9,2.7,90.3,142.9
393,2021-02-18,542268,8329,3910336,489932,391,15,14603,678,1.5,3.8,13.9,2.7,90.3,173.4
394,2021-02-19,542674,8337,3924568,490468,406,8,14232,536,1.5,2.0,13.8,2.9,90.4,132.0
395,2021-02-20,543024,8342,3935716,490892,350,5,11148,424,1.5,1.4,13.8,3.1,90.4,121.1
396,2021-02-21,543351,8349,3949752,491367,327,7,14036,475,1.5,2.1,13.8,2.3,90.4,145.3
397,2021-02-22,543717,8356,3960855,492059,366,7,11103,692,1.5,1.9,13.7,3.3,90.5,189.1
398,2021-02-23,544116,8374,3973603,492887,399,18,12748,828,1.5,4.5,13.7,3.1,90.6,207.5
399,2021-02-24,544544,8379,3989755,493798,428,5,16152,911,1.5,1.2,13.6,2.6,90.7,212.9
400,2021-02-25,544954,8384,4005315,494755,410,5,15560,957,1.5,1.2,13.6,2.6,90.8,233.4
401,2021-02-26,545424,8395,4020347,495498,470,11,15032,743,1.5,2.3,13.6,3.1,90.8,158.1
402,2021-02-27,545831,8400,4032695,496107,407,5,12348,609,1.5,1.2,13.5,3.3,90.9,149.6
403,2021-02-28,546216,8408,4046106,496924,385,8,13411,817,1.5,2.1,13.5,2.9,91.0,212.2
404,2021-03-01,546801,8416,4059676,497797,585,8,13570,873,1.5,1.4,13.5,4.3,91.0,149.2
405,2021-03-02,547316,8423,4075199,498391,515,7,15523,594,1.5,1.4,13.4,3.3,91.1,115.3
406,2021-03-03,547930,8428,4091657,499627,614,5,16458,1236,1.5,0.8,13.4,3.7,91.2,201.3
407,2021-03-04,548549,8435,4107642,500468,619,7,15985,841,1.5,1.1,13.4,3.9,91.2,135.9
408,2021-03-05,549184,8441,4121352,501144,635,6,13710,676,1.5,0.9,13.3,4.6,91.3,106.5
409,2021-03-06,549724,8451,4134434,501966,540,10,13082,822,1.5,1.9,13.3,4.1,91.3,152.2
410,2021-03-07,550330,8462,4148526,503003,606,11,14092,1037,1.5,1.8,13.3,4.3,91.4,171.1
411,2021-03-08,551175,8476,4165484,504120,845,14,16958,1117,1.5,1.7,13.2,5.0,91.5,132.2
412,2021-03-09,552087,8489,4183259,505349,912,13,17775,1229,1.5,1.4,13.2,5.1,91.5,134.8
413,2021-03-10,553105,8496,4200291,506613,1018,7,17032,1264,1.5,0.7,13.2,6.0,91.6,124.2
414,2021-03-11,554156,8502,4218349,507920,1051,6,18058,1307,1.5,0.6,13.1,5.8,91.7,124.4
415,2021-03-12,555222,8515,4234460,509172,1066,13,16111,1252,1.5,1.2,13.1,6.6,91.7,117.4
416,2021-03-13,556236,8527,4250666,510310,1014,12,16206,1138,1.5,1.2,13.1,6.3,91.7,112.2
417,2021-03-14,557395,8545,4266872,511695,1159,18,16206,1385,1.5,1.6,13.1,7.2,91.8,119.5
418,2021-03-15,559168,8571,4285567,513127,1773,26,18695,1432,1.5,1.5,13.0,9.5,91.8,80.8
419,2021-03-16,560887,8597,4306315,514479,1719,26,20748,1352,1.5,1.5,13.0,8.3,91.7,78.7
420,2021-03-17,562752,8608,4330590,515989,1865,11,24275,1510,1.5,0.6,13.0,7.7,91.7,81.0
421,2021-03-18,564939,8624,4351515,517223,2187,16,20925,1234,1.5,0.7,13.0,10.5,91.6,56.4
422,2021-03-19,566838,8642,4370432,518841,1899,18,18917,1618,1.5,0.9,13.0,10.0,91.5,85.2
423,2021-03-20,568706,8668,4390332,520418,1868,26,19900,1577,1.5,1.4,13.0,9.4,91.5,84.4
424,2021-03-21,570878,8690,4411440,522105,2172,22,21108,1687,1.5,1.0,12.9,10.3,91.5,77.7
425,2021-03-22,573687,8720,4436551,523859,2809,30,25111,1754,1.5,1.1,12.9,11.2,91.3,62.4
426,2021-03-23,577241,8738,4462505,525694,3554,18,25954,1835,1.5,0.5,12.9,13.7,91.1,51.6
427,2021-03-24,580808,8763,4490007,527609,3567,25,27502,1915,1.5,0.7,12.9,13.0,90.8,53.7
428,2021-03-25,584395,8797,4517052,529594,3587,34,27045,1985,1.5,0.9,12.9,13.3,90.6,55.3
429,2021-03-26,588132,8830,4544351,531651,3737,33,27299,2057,1.5,0.9,12.9,13.7,90.4,55.0
430,2021-03-27,591806,8869,4569015,533622,3674,39,24664,1971,1.5,1.1,13.0,14.9,90.2,53.6
431,2021-03-28,595714,8904,4591151,535641,3908,35,22136,2019,1.5,0.9,13.0,17.7,89.9,51.7
432,2021-03-29,600895,8949,4619346,537718,5181,45,28195,2077,1.5,0.9,13.0,18.4,89.5,40.1
433,2021-03-30,605937,8994,4645966,539880,5042,45,26620,2162,1.5,0.9,13.0,18.9,89.1,42.9
434,2021-03-31,611295,9046,4672897,542099,5358,52,26931,2219,1.5,1.0,13.1,19.9,88.7,41.4
435,2021-04-01,617764,9105,4701095,544938,6469,59,28198,2839,1.5,0.9,13.1,22.9,88.2,43.9
436,2021-04-02,624594,9155,4730434,547411,6830,50,29339,2473,1.5,0.7,13.2,23.3,87.6,36.2
437,2021-04-03,630277,9213,4754982,549775,5683,58,24548,2364,1.5,1.0,13.3,23.2,87.2,41.6
438,2021-04-04,637364,9266,4785706,552482,7087,53,30724,2707,1.5,0.7,13.3,23.1,86.7,38.2
439,2021-04-05,644439,9318,4815945,555414,7075,52,30239,2932,1.4,0.7,13.4,23.4,86.2,41.4
440,2021-04-06,651652,9384,4850256,558383,7213,66,34311,2969,1.4,0.9,13.4,21.0,85.7,41.2
441,2021-04-07,659278,9447,4884886,561639,7626,63,34630,3256,1.4,0.8,13.5,22.0,85.2,42.7
442,2021-04-08,666132,9521,4918079,565030,6854,74,33193,3391,1.4,1.1,13.5,20.6,84.8,49.5
443,2021-04-09,673594,9584,4949733,568541,7462,63,31654,3511,1.4,0.8,13.6,23.6,84.4,47.1
444,2021-04-10,678937,9661,4975810,572378,5343,77,26077,3837,1.4,1.4,13.6,20.5,84.3,71.8
445,2021-04-11,684756,9739,5005186,576590,5819,78,29376,4212,1.4,1.3,13.7,19.8,84.2,72.4
446,2021-04-12,691957,9822,5040154,581113,7201,83,34968,4523,1.4,1.2,13.7,20.6,84.0,62.8
447,2021-04-13,697985,9891,5073109,585966,6028,69,32955,4853,1.4,1.1,13.8,18.3,84.0,80.5
448,2021-04-14,703170,9987,5097934,591299,5185,96,24825,5333,1.4,1.9,13.8,20.9,84.1,102.9
449,2021-04-15,707362,10081,5117893,597214,4192,94,19959,5915,1.4,2.2,13.8,21.0,84.4,141.1
450,2021-04-16,711779,10182,5136799,602908,4417,101,18906,5694,1.4,2.3,13.9,23.4,84.7,128.9
451,2021-04-17,715252,10283,5152984,608815,3473,101,16185,5907,1.4,2.9,13.9,21.5,85.1,170.1
452,2021-04-18,718950,10385,5172388,614936,3698,102,19404,6121,1.4,2.8,13.9,19.1,85.5,165.5
453,2021-04-19,723221,10497,5196540,621300,4271,112,24152,6364,1.5,2.6,13.9,17.7,85.9,149.0
454,2021-04-20,727780,10588,5223596,628111,4559,91,27056,6811,1.5,2.0,13.9,16.9,86.3,149.4
455,2021-04-21,732060,10683,5252004,635183,4280,95,28408,7072,1.5,2.2,13.9,15.1,86.8,165.2
456,2021-04-22,736074,10781,5279433,642449,4014,98,27429,7266,1.5,2.4,13.9,14.6,87.3,181.0
457,2021-04-23,739703,10869,5305329,647674,3629,88,25896,5225,1.5,2.4,13.9,14.0,87.6,144.0
458,2021-04-24,742400,10952,5325900,653151,2697,83,20571,5477,1.5,3.1,13.9,13.1,88.0,203.1
459,2021-04-25,745322,11053,5347822,657452,2922,101,21922,4301,1.5,3.5,13.9,13.3,88.2,147.2
460,2021-04-26,748628,11150,5373608,661693,3306,97,25786,4241,1.5,2.9,13.9,12.8,88.4,128.3
461,2021-04-27,751659,11228,5397845,666927,3031,78,24237,5234,1.5,2.6,13.9,12.5,88.7,172.7
462,2021-04-28,754614,11305,5426051,672319,2955,77,28206,5392,1.5,2.6,13.9,10.5,89.1,182.5
463,2021-04-29,756955,11393,5450979,677101,2341,88,24928,4782,1.5,3.8,13.9,9.4,89.5,204.3
464,2021-04-30,759132,11450,5472025,681426,2177,57,21046,4325,1.5,2.6,13.9,10.3,89.8,198.7
465,2021-05-01,760584,11510,5487142,684671,1452,60,15117,3245,1.5,4.1,13.9,9.6,90.0,223.5
466,2021-05-02,761943,11579,5501300,687328,1359,69,14158,2657,1.5,5.1,13.9,9.6,90.2,195.5
467,2021-05-03,763682,11644,5520731,691162,1739,65,19431,3834,1.5,3.7,13.8,8.9,90.5,220.5
468,2021-05-04,765596,11705,5542715,695032,1914,61,21984,3870,1.5,3.2,13.8,8.7,90.8,202.2
469,2021-05-05,767338,11755,5562999,698465,1742,50,20284,3433,1.5,2.9,13.8,8.6,91.0,197.1
470,2021-05-06,769160,11796,5584584,702163,1822,41,21585,3698,1.5,2.3,13.8,8.4,91.3,203.0
471,2021-05-07,770842,11833,5601597,704341,1682,37,17013,2178,1.5,2.2,13.8,9.9,91.4,129.5
472,2021-05-08,772127,11878,5616300,706833,1285,45,14703,2492,1.5,3.5,13.7,8.7,91.5,193.9
473,2021-05-09,773513,11934,5633215,710162,1386,56,16915,3329,1.5,4.0,13.7,8.2,91.8,240.2
474,2021-05-10,775027,11972,5650063,712277,1514,38,16848,2115,1.5,2.5,13.7,9.0,91.9,139.7
475,2021-05-11,776257,12005,5664247,715321,1230,33,14184,3044,1.5,2.7,13.7,8.7,92.2,247.5
476,2021-05-12,777397,12045,5679543,718249,1140,40,15296,2928,1.5,3.5,13.7,7.5,92.4,256.8
477,2021-05-13,778687,12076,5693014,719619,1290,31,13471,1370,1.6,2.4,13.7,9.6,92.4,106.2
478,2021-05-14,779535,12102,5700849,720471,848,26,7835,852,1.6,3.1,13.7,10.8,92.4,100.5
479,2021-05-15,779796,12124,5704607,721435,261,22,3758,964,1.6,8.4,13.7,6.9,92.5,369.3
480,2021-05-16,780159,12149,5710037,722036,363,25,5430,601,1.6,6.9,13.7,6.7,92.5,165.6
481,2021-05-17,780857,12181,5720384,723094,698,32,10347,1058,1.6,4.6,13.7,6.7,92.6,151.6
482,2021-05-18,782129,12211,5737239,724209,1272,30,16855,1115,1.6,2.4,13.6,7.5,92.6,87.7
483,2021-05-19,783737,12248,5757767,726132,1608,37,20528,1923,1.6,2.3,13.6,7.8,92.6,119.6
484,2021-05-20,785194,12284,5777204,727510,1457,36,19437,1378,1.6,2.5,13.6,7.5,92.7,94.6
485,2021-05-21,786698,12310,5795498,729039,1504,26,18294,1529,1.6,1.7,13.6,8.2,92.7,101.7
486,2021-05-22,787726,12348,5807728,729798,1028,38,12230,759,1.6,3.7,13.6,8.4,92.6,73.8
487,2021-05-23,789080,12376,5822933,730697,1354,28,15205,899,1.6,2.1,13.6,8.9,92.6,66.4
488,2021-05-24,790521,12401,5840616,731531,1441,25,17683,834,1.6,1.7,13.5,8.1,92.5,57.9
489,2021-05-25,792196,12441,5857240,732810,1675,40,16624,1279,1.6,2.4,13.5,10.1,92.5,76.4
490,2021-05-26,793693,12458,5873674,733866,1497,17,16434,1056,1.6,1.1,13.5,9.1,92.5,70.5
491,2021-05-27,794985,12480,5889589,735157,1292,22,15915,1291,1.6,1.7,13.5,8.1,92.5,99.9
492,2021-05-28,796343,12511,5904195,736221,1358,31,14606,1064,1.6,2.3,13.5,9.3,92.5,78.4
493,2021-05-29,797386,12549,5917379,737408,1043,38,13184,1187,1.6,3.6,13.5,7.9,92.5,113.8
494,2021-05-30,798830,12583,5931656,738805,1444,34,14277,1397,1.6,2.4,13.5,10.1,92.5,96.7
495,2021-05-31,800540,12619,5949834,740372,1710,36,18178,1567,1.6,2.1,13.5,9.4,92.5,91.6
496,2021-06-01,802305,12660,5968084,742151,1765,41,18250,1779,1.6,2.3,13.4,9.7,92.5,100.8
497,2021-06-02,804293,12694,5988343,744065,1988,34,20259,1914,1.6,1.7,13.4,9.8,92.5,96.3
498,2021-06-03,805980,12724,6005315,746035,1687,30,16972,1970,1.6,1.8,13.4,9.9,92.6,116.8
499,2021-06-04,807867,12758,6023466,747758,1887,34,18151,1723,1.6,1.8,13.4,10.4,92.6,91.3
500,2021-06-05,809314,12801,6036581,749425,1447,43,13115,1667,1.6,3.0,13.4,11.0,92.6,115.2
501,2021-06-06,810990,12839,6052194,751322,1676,38,15613,1897,1.6,2.3,13.4,10.7,92.6,113.2
502,2021-06-07,812960,12869,6069363,753240,1970,30,17169,1918,1.6,1.5,13.4,11.5,92.7,97.4
503,2021-06-08,815282,12913,6088528,755302,2322,44,19165,2062,1.6,1.9,13.4,12.1,92.6,88.8
504,2021-06-09,817819,12949,6109112,757569,2537,36,20584,2267,1.6,1.4,13.4,12.3,92.6,89.4
505,2021-06-10,820395,12989,6128559,759630,2576,40,19447,2061,1.6,1.6,13.4,13.2,92.6,80.0
506,2021-06-11,822849,13032,6147094,761916,2454,43,18535,2286,1.6,1.8,13.4,13.2,92.6,93.2
507,2021-06-12,824486,13071,6158684,764024,1637,39,11590,2108,1.6,2.4,13.4,14.1,92.7,128.8
508,2021-06-13,826922,13118,6177433,766266,2436,47,18749,2242,1.6,1.9,13.4,13.0,92.7,92.0
509,2021-06-14,829972,13172,6198035,768830,3050,54,20602,2564,1.6,1.8,13.4,14.8,92.6,84.1
510,2021-06-15,833291,13222,6221300,771073,3319,50,23265,2243,1.6,1.5,13.4,14.3,92.5,67.6
511,2021-06-16,837247,13282,6245107,773752,3956,60,23807,2679,1.6,1.5,13.4,16.6,92.4,67.7
512,2021-06-17,841087,13345,6269978,776466,3840,63,24871,2714,1.6,1.6,13.4,15.4,92.3,70.7
513,2021-06-18,844970,13399,6290860,778421,3883,54,20882,1955,1.6,1.4,13.4,18.6,92.1,50.3
514,2021-06-19,848027,13466,6307554,780146,3057,67,16694,1725,1.6,2.2,13.4,18.3,92.0,56.4
515,2021-06-20,851668,13548,6329785,782655,3641,82,22231,2509,1.6,2.3,13.5,16.4,91.9,68.9
516,2021-06-21,856304,13626,6353842,785482,4636,78,24057,2827,1.6,1.7,13.5,19.3,91.7,61.0
517,2021-06-22,861150,13702,6378870,788385,4846,76,25028,2903,1.6,1.6,13.5,19.4,91.6,59.9
518,2021-06-23,866877,13787,6407126,791553,5727,85,28256,3168,1.6,1.5,13.5,20.3,91.3,55.3
519,2021-06-24,872935,13868,6437517,794783,6058,81,30391,3230,1.6,1.3,13.6,19.9,91.0,53.3
520,2021-06-25,878804,13976,6465170,797559,5869,108,27653,2776,1.6,1.8,13.6,21.2,90.8,47.3
521,2021-06-26,883138,14053,6484432,800854,4334,77,19262,3295,1.6,1.8,13.6,22.5,90.7,76.0
522,2021-06-27,888406,14172,6508832,804103,5268,119,24400,3249,1.6,2.3,13.6,21.6,90.5,61.7
523,2021-06-28,896770,14276,6543891,807673,8364,104,35059,3570,1.6,1.2,13.7,23.9,90.1,42.7
524,2021-06-29,904436,14388,6575873,811700,7666,112,31982,4027,1.6,1.5,13.8,24.0,89.7,52.5
525,2021-06-30,913258,14503,6610978,816250,8822,115,35105,4550,1.6,1.3,13.8,25.1,89.4,51.6
526,2021-07-01,921559,14646,6643033,820913,8301,143,32055,4663,1.6,1.7,13.9,25.9,89.1,56.2
527,2021-07-02,930042,14778,6673045,825422,8483,132,30012,4509,1.6,1.6,13.9,28.3,88.8,53.2
528,2021-07-03,936256,14912,6695732,829199,6214,134,22687,3777,1.6,2.2,14.0,27.4,88.6,60.8
529,2021-07-04,944917,15065,6725611,833897,8661,153,29879,4698,1.6,1.8,14.0,29.0,88.3,54.2
530,2021-07-05,954881,15229,6759613,839082,9964,164,34002,5185,1.6,1.6,14.1,29.3,87.9,52.0
531,2021-07-06,966406,15392,6796244,844515,11525,163,36631,5433,1.6,1.4,14.2,31.5,87.4,47.1
532,2021-07-07,977568,15593,6831883,850502,11162,201,35639,5987,1.6,1.8,14.3,31.3,87.0,53.6
533,2021-07-08,989219,15792,6868733,856346,11651,199,36850,5844,1.6,1.7,14.4,31.6,86.6,50.2
534,2021-07-09,1000543,16004,6905319,862384,11324,212,36586,6038,1.6,1.9,14.5,31.0,86.2,53.3
535,2021-07-10,1009315,16189,6933203,868139,8772,185,27884,5755,1.6,2.1,14.6,31.5,86.0,65.6
536,2021-07-11,1021189,16419,6973218,874501,11874,230,40015,6362,1.6,1.9,14.6,29.7,85.6,53.6
537,2021-07-12,1034957,16639,7017285,881521,13768,220,44067,7020,1.6,1.6,14.7,31.2,85.2,51.0
538,2021-07-13,1047155,16842,7059040,889167,12198,203,41755,7646,1.6,1.7,14.8,29.2,84.9,62.7
539,2021-07-14,1059538,17052,7101530,897412,12383,210,42490,8245,1.6,1.7,14.9,29.1,84.7,66.6
540,2021-07-15,1071774,17278,7146471,905807,12236,226,44941,8395,1.6,1.8,15.0,27.2,84.5,68.6
541,2021-07-16,1083922,17465,7188416,914343,12148,187,41945,8536,1.6,1.5,15.1,29.0,84.4,70.3
542,2021-07-17,1092411,17669,7217630,923163,8489,204,29214,8820,1.6,2.4,15.1,29.1,84.5,103.9
543,2021-07-18,1103989,17894,7257436,932008,11578,225,39806,8845,1.6,1.9,15.2,29.1,84.4,76.4
544,2021-07-19,1117310,18125,7302448,941343,13321,231,45012,9335,1.6,1.7,15.3,29.6,84.3,70.1
545,2021-07-20,1128889,18325,7341958,951340,11579,200,39510,9997,1.6,1.7,15.4,29.3,84.3,86.3
546,2021-07-21,1136503,18498,7366937,961044,7614,173,24979,9704,1.6,2.3,15.4,30.5,84.6,127.4
547,2021-07-22,1140200,18685,7378423,969610,3697,187,11486,8566,1.6,5.1,15.5,32.2,85.0,231.7
548,2021-07-23,1146564,18851,7398916,978616,6364,166,20493,9006,1.6,2.6,15.5,31.1,85.4,141.5
549,2021-07-24,1153344,19046,7419743,988339,6780,195,20827,9723,1.7,2.9,15.5,32.6,85.7,143.4
550,2021-07-25,1164635,19274,7457330,998923,11291,228,37587,10584,1.7,2.0,15.6,30.0,85.8,93.7
551,2021-07-26,1179827,19521,7508282,1009975,15192,247,50952,11052,1.7,1.6,15.7,29.8,85.6,72.7
552,2021-07-27,1194752,19779,7560760,1022414,14925,258,52478,12439,1.7,1.7,15.8,28.4,85.6,83.3
553,2021-07-28,1210982,20016,7614637,1035884,16230,237,53877,13470,1.7,1.5,15.9,30.1,85.5,83.0
554,2021-07-29,1226253,20255,7666919,1050220,15271,239,52282,14336,1.7,1.6,16.0,29.2,85.6,93.9
555,2021-07-30,1240115,20467,7711963,1064195,13862,212,45044,13975,1.7,1.5,16.1,30.8,85.8,100.8
556,2021-07-31,1249484,20685,7742943,1078212,9369,218,30980,14017,1.7,2.3,16.1,30.2,86.3,149.6
557,2021-08-01,1264328,20916,7792472,1093266,14844,231,49529,15054,1.7,1.6,16.2,30.0,86.5,101.4
558,2021-08-02,1280317,21162,7845934,1108748,15989,246,53462,15482,1.7,1.5,16.3,29.9,86.6,96.8
559,2021-08-03,1296093,21397,7901218,1125045,15776,235,55284,16297,1.7,1.5,16.4,28.5,86.8,103.3
560,2021-08-04,1309910,21638,7950732,1141157,13817,241,49514,16112,1.7,1.7,16.5,27.9,87.1,116.6
561,2021-08-05,1322654,21902,7997727,1156943,12744,264,46995,15786,1.7,2.1,16.5,27.1,87.5,123.9
562,2021-08-06,1335260,22150,8045742,1172437,12606,248,48015,15494,1.7,2.0,16.6,26.3,87.8,122.9
563,2021-08-07,1343396,22411,8077456,1188820,8136,261,31714,16383,1.7,3.2,16.6,25.7,88.5,201.4
564,2021-08-08,1353695,22652,8119459,1205447,10299,241,42003,16627,1.7,2.3,16.7,24.5,89.0,161.4
565,2021-08-09,1365158,22897,8166666,1219859,11463,245,47207,14412,1.7,2.1,16.7,24.3,89.4,125.7
566,2021-08-10,1376322,23161,8214090,1234762,11164,264,47424,14903,1.7,2.4,16.8,23.5,89.7,133.5
567,2021-08-11,1386742,23398,8258520,1248075,10420,237,44430,13313,1.7,2.3,16.8,23.5,90.0,127.8
568,2021-08-12,1396868,23613,8303607,1262065,10126,215,45087,13990,1.7,2.1,16.8,22.5,90.3,138.2
569,2021-08-13,1405333,23810,8344248,1273522,8465,197,40641,11457,1.7,2.3,16.8,20.8,90.6,135.3
570,2021-08-14,1412218,23988,8377578,1281327,6885,178,33330,7805,1.7,2.6,16.9,20.7,90.7,113.4
571,2021-08-15,1418902,24175,8410579,1292698,6684,187,33001,11371,1.7,2.8,16.9,20.3,91.1,170.1
572,2021-08-16,1425861,24349,8443594,1301966,6959,174,33015,9268,1.7,2.5,16.9,21.1,91.3,133.2
573,2021-08-17,1433396,24547,8482872,1314916,7535,198,39278,12950,1.7,2.6,16.9,19.2,91.7,171.9
574,2021-08-18,1440644,24719,8523886,1327028,7248,172,41014,12112,1.7,2.4,16.9,17.7,92.1,167.1
575,2021-08-19,1447210,24878,8561112,1337181,6566,159,37226,10153,1.7,2.4,16.9,17.6,92.4,154.6
576,2021-08-20,1453203,25023,8596004,1347755,5993,145,34892,10574,1.7,2.4,16.9,17.2,92.7,176.4
577,2021-08-21,1457194,25143,8619886,1355421,3991,120,23882,7666,1.7,3.0,16.9,16.7,93.0,192.1
578,2021-08-22,1461998,25282,8651575,1363874,4804,139,31689,8453,1.7,2.9,16.9,15.2,93.3,176.0
579,2021-08-23,1467715,25399,8688364,1372856,5717,117,36789,8982,1.7,2.0,16.9,15.5,93.5,157.1
580,2021-08-24,1472964,25513,8723072,1381783,5249,114,34708,8927,1.7,2.2,16.9,15.1,93.8,170.1
581,2021-08-25,1477930,25627,8756712,1389571,4966,114,33640,7788,1.7,2.3,16.9,14.8,94.0,156.8
582,2021-08-26,1482628,25729,8789823,1397885,4698,102,33111,8314,1.7,2.2,16.9,14.2,94.3,177.0
583,2021-08-27,1486153,25846,8817401,1404370,3525,117,27578,6485,1.7,3.3,16.9,12.8,94.5,184.0
584,2021-08-28,1489589,25926,8842530,1409231,3436,80,25129,4861,1.7,2.3,16.8,13.7,94.6,141.5
585,2021-08-29,1493537,26015,8870451,1415697,3948,89,27921,6466,1.7,2.3,16.8,14.1,94.8,163.8
586,2021-08-30,1497261,26109,8901306,1421883,3724,94,30855,6186,1.7,2.5,16.8,12.1,95.0,166.1
587,2021-08-31,1500618,26195,8929403,1425985,3357,86,28097,4102,1.7,2.6,16.8,11.9,95.0,122.2
588,2021-09-01,1503680,26274,8959697,1431984,3062,79,30294,5999,1.7,2.6,16.8,10.1,95.2,195.9
589,2021-09-02,1507116,26362,8992722,1437885,3436,88,33025,5901,1.7,2.6,16.8,10.4,95.4,171.7
590,2021-09-03,1510283,26432,9022160,1442582,3167,70,29438,4697,1.8,2.2,16.7,10.8,95.5,148.3
591,2021-09-04,1512026,26493,9039910,1446003,1743,61,17750,3421,1.8,3.5,16.7,9.8,95.6,196.3
592,2021-09-05,1514456,26563,9065073,1451063,2430,70,25163,5060,1.8,2.9,16.7,9.7,95.8,208.2
593,2021-09-06,1517166,26628,9092668,1455187,2710,65,27595,4124,1.8,2.4,16.7,9.8,95.9,152.2
594,2021-09-07,1519805,26684,9119901,1460754,2639,56,27233,5567,1.8,2.1,16.7,9.7,96.1,211.0
595,2021-09-08,1522302,26736,9147429,1464594,2497,52,27528,3840,1.8,2.1,16.6,9.1,96.2,153.8
596,2021-09-09,1524890,26794,9176970,1468211,2588,58,29541,3617,1.8,2.2,16.6,8.8,96.3,139.8
597,2021-09-10,1527215,26832,9203848,1472067,2325,38,26878,3856,1.8,1.6,16.6,8.7,96.4,165.8
598,2021-09-11,1528542,26880,9222717,1475235,1327,48,18869,3168,1.8,3.6,16.6,7.0,96.5,238.7
599,2021-09-12,1530413,26931,9247791,1478821,1871,51,25074,3586,1.8,2.7,16.5,7.5,96.6,191.7
600,2021-09-13,1532366,26972,9273179,1482933,1953,41,25388,4112,1.8,2.1,16.5,7.7,96.8,210.5
601,2021-09-14,1534440,27007,9304903,1486668,2074,35,31724,3735,1.8,1.7,16.5,6.5,96.9,180.1
602,2021-09-15,1536341,27058,9333518,1490541,1901,51,28615,3873,1.8,2.7,16.5,6.6,97.0,203.7
603,2021-09-16,1538203,27109,9364667,1494090,1862,51,31149,3549,1.8,2.7,16.4,6.0,97.1,190.6
604,2021-09-17,1540110,27147,9394423,1497009,1907,38,29756,2919,1.8,2.0,16.4,6.4,97.2,153.1
605,2021-09-18,1541300,27182,9414091,1498654,1190,35,19668,1645,1.8,2.9,16.4,6.1,97.2,138.2
606,2021-09-19,1542683,27225,9438714,1501541,1383,43,24623,2887,1.8,3.1,16.3,5.6,97.3,208.7
607,2021-09-20,1544238,27251,9466145,1503106,1555,26,27431,1565,1.8,1.7,16.3,5.7,97.3,100.6
608,2021-09-21,1545800,27277,9499472,1504709,1562,26,33327,1603,1.8,1.7,16.3,4.7,97.3,102.6
609,2021-09-22,1547176,27313,9528208,1506136,1376,36,28736,1427,1.8,2.6,16.2,4.8,97.3,103.7
610,2021-09-23,1548320,27337,9553028,1507789,1144,24,24820,1653,1.8,2.1,16.2,4.6,97.4,144.5
611,2021-09-24,1549553,27368,9580169,1509202,1233,31,27141,1413,1.8,2.5,16.2,4.5,97.4,114.6
612,2021-09-25,1550371,27393,9597987,1510167,818,25,17818,965,1.8,3.1,16.2,4.6,97.4,118.0
613,2021-09-26,1551351,27414,9620208,1511479,980,21,22221,1312,1.8,2.1,16.1,4.4,97.4,133.9
614,2021-09-27,1552563,27439,9647995,1512681,1212,25,27787,1202,1.8,2.1,16.1,4.4,97.4,99.2
615,2021-09-28,1553873,27470,9677181,1513876,1310,31,29186,1195,1.8,2.4,16.1,4.5,97.4,91.2
616,2021-09-29,1555051,27487,9705780,1514962,1178,17,28599,1086,1.8,1.4,16.0,4.1,97.4,92.2
617,2021-09-30,1555911,27510,9732349,1515941,860,23,26569,979,1.8,2.7,16.0,3.2,97.4,113.8
618,2021-10-01,1556758,27531,9757019,1516290,847,21,24670,349,1.8,2.5,16.0,3.4,97.4,41.2
619,2021-10-02,1557347,27555,9774302,1517106,589,24,17283,816,1.8,4.1,15.9,3.4,97.4,138.5
620,2021-10-03,1557964,27573,9795548,1520709,617,18,21246,3603,1.8,2.9,15.9,2.9,97.6,584.0
621,2021-10-04,1558758,27591,9820476,1523136,794,18,24928,2427,1.8,2.3,15.9,3.2,97.7,305.7
622,2021-10-05,1559452,27614,9845975,1525789,694,23,25499,2653,1.8,3.3,15.8,2.7,97.8,382.3
623,2021-10-06,1560155,27635,9870351,1528202,703,21,24376,2413,1.8,3.0,15.8,2.9,98.0,343.2
624,2021-10-07,1560818,27647,9892672,1530167,663,12,22321,1965,1.8,1.8,15.8,3.0,98.0,296.4
625,2021-10-08,1561463,27654,9915974,1531479,645,7,23302,1312,1.8,1.1,15.7,2.8,98.1,203.4
626,2021-10-09,1561878,27674,9932899,1532681,415,20,16925,1202,1.8,4.8,15.7,2.5,98.1,289.6
627,2021-10-10,1562359,27688,9953254,1533876,481,14,20355,1195,1.8,2.9,15.7,2.4,98.2,248.4
628,2021-10-11,1562958,27699,9976447,1534962,599,11,23193,1086,1.8,1.8,15.7,2.6,98.2,181.3
629,2021-10-12,1563501,27713,9999602,1535941,543,14,23155,979,1.8,2.6,15.6,2.3,98.2,180.3
630,2021-10-13,1564019,27730,10021755,1536290,518,17,22153,349,1.8,3.3,15.6,2.3,98.2,67.4
631,2021-10-14,1564485,27737,10043323,1536302,466,7,21568,12,1.8,1.5,15.6,2.2,98.2,2.6
632,2021-10-15,1564881,27746,10062303,1536502,396,9,18980,200,1.8,2.3,15.6,2.1,98.2,50.5
633,2021-10-16,1565174,27752,10077883,1537167,293,6,15580,665,1.8,2.0,15.5,1.9,98.2,227.0
634,2021-10-17,1565488,27768,10095980,1537479,314,16,18097,312,1.8,5.1,15.5,1.7,98.2,99.4
635,2021-10-18,1565827,27778,10114792,1537681,339,10,18812,202,1.8,2.9,15.5,1.8,98.2,59.6
636,2021-10-19,1566296,27785,10136100,1537876,469,7,21308,195,1.8,1.5,15.5,2.2,98.2,41.6
637,2021-10-20,1566664,27791,10156493,1537962,368,6,20393,86,1.8,1.6,15.4,1.8,98.2,23.4
638,2021-10-21,1566907,27801,10172581,1538041,243,10,16088,79,1.8,4.1,15.4,1.5,98.2,32.5
639,2021-10-22,1567139,27805,10189681,1538290,232,4,17100,249,1.8,1.7,15.4,1.4,98.2,107.3
640,2021-10-23,1567417,27814,10204723,1538402,278,9,15042,112,1.8,3.2,15.4,1.8,98.1,40.3
641,2021-10-24,1567692,27823,10223208,1538876,275,9,18485,474,1.8,3.3,15.3,1.5,98.2,172.4
642,2021-10-25,1567981,27828,10243981,1539062,289,5,20773,186,1.8,1.7,15.3,1.4,98.2,64.4
643,2021-10-26,1568257,27834,10263165,1539241,276,6,19184,179,1.8,2.2,15.3,1.4,98.1,64.9
644,2021-10-27,1568563,27841,10283116,1539390,306,7,19951,149,1.8,2.3,15.3,1.5,98.1,48.7
645,2021-10-28,1568857,27847,10302651,1539502,294,6,19535,112,1.8,2.0,15.2,1.5,98.1,38.1
646,2021-10-29,1569162,27854,10320462,1539702,305,7,17811,200,1.8,2.3,15.2,1.7,98.1,65.6
647,2021-10-30,1569328,27862,10333702,1539967,166,8,13240,265,1.8,4.8,15.2,1.3,98.1,159.6
648,2021-10-31,1569539,27868,10350928,1540179,211,6,17226,212,1.8,2.8,15.2,1.2,98.1,100.5
649,2021-11-01,1569753,27870,10370662,1540381,214,2,19734,202,1.8,0.9,15.1,1.1,98.1,94.4
650,2021-11-02,1569982,27873,10390693,1540576,229,3,20031,195,1.8,1.3,15.1,1.1,98.1,85.2
651,2021-11-03,1570238,27880,10410216,1540762,256,7,19523,186,1.8,2.7,15.1,1.3,98.1,72.7
652,2021-11-04,1570485,27887,10428906,1540941,247,7,18690,179,1.8,2.8,15.1,1.3,98.1,72.5
653,2021-11-05,1570485,27887,10446352,1541290,100,2,17446,349,1.8,2.4,15.0,1.4,98.1,inf
654,2021-11-06,1570835,27891,10459424,1542402,350,2,13072,1112,1.8,1.1,15.0,2.7,98.2,317.7
655,2021-11-07,1571013,27895,10474658,1542779,278,2,15234,377,1.8,2.2,15.0,1.2,98.2,211.8
656,2021-11-08,1571228,27901,10491470,1542981,215,6,16812,202,1.8,2.8,15.0,1.3,98.2,94.0
657,2021-11-09,1571434,27904,10509000,1543076,206,3,17530,95,1.8,1.5,15.0,1.2,98.2,46.1
658,2021-11-10,1571669,27906,10526987,1543462,235,2,17987,386,1.8,0.9,14.9,1.3,98.2,164.3
659,2021-11-11,1571906,27907,10546531,1543641,237,1,19544,179,1.8,0.4,14.9,1.2,98.2,75.5
660,2021-11-12,1572127,27912,10563762,1543890,221,5,17231,249,1.8,2.3,14.9,1.3,98.2,112.7
661,2021-11-13,1572278,27918,10577331,1544002,151,6,13569,112,1.8,4.0,14.9,1.1,98.2,74.2
662,2021-11-14,1572501,27922,10596848,1544279,223,4,19517,277,1.8,1.8,14.8,1.1,98.2,124.2
663,2021-11-15,1572735,27926,10614548,1544381,234,4,17700,102,1.8,1.7,14.8,1.3,98.2,43.6
664,2021-11-16,1572948,27928,10635312,1544576,213,2,20764,195,1.8,0.9,14.8,1.0,98.2,91.5
665,2021-11-17,1573214,27934,10654982,1544762,266,6,19670,186,1.8,2.3,14.8,1.4,98.2,69.9
666,2021-11-18,1573458,27939,10674489,1544941,244,5,19507,179,1.8,2.0,14.7,1.3,98.2,73.4
667,2021-11-19,1573711,27946,10692613,1545290,253,7,18124,349,1.8,2.8,14.7,1.4,98.2,137.9
668,2021-11-20,1573889,27946,10707720,1545402,178,0,15107,112,1.8,0.0,14.7,1.2,98.2,62.9
669,2021-11-21,1574088,27953,10724855,1545779,199,7,17135,377,1.8,3.5,14.7,1.2,98.2,189.4
670,2021-11-22,1574352,27955,10743469,1545981,264,2,18614,202,1.8,0.8,14.7,1.4,98.2,76.5
671,2021-11-23,1574636,27958,10763037,1546076,284,3,19568,95,1.8,1.1,14.6,1.5,98.2,33.5
672,2021-11-24,1574948,27961,10784039,1546462,312,3,21002,386,1.8,1.0,14.6,1.5,98.2,123.7
673,2021-11-25,1575185,27970,10802927,1547641,237,9,18888,1179,1.8,3.8,14.6,1.3,98.3,497.5
674,2021-11-26,1575424,27973,10819843,1547890,239,3,16916,249,1.8,1.3,14.6,1.4,98.3,104.2
675,2021-11-27,1575579,27975,10833305,1548002,155,2,13462,112,1.8,1.3,14.5,1.2,98.2,72.3
676,2021-11-28,1575784,27978,10853116,1549290,205,3,19811,1288,1.8,1.5,14.5,1.0,98.3,628.3
677,2021-11-29,1576011,27980,10870007,1550402,227,2,16891,1112,1.8,0.9,14.5,1.3,98.4,489.9
678,2021-11-30,1576284,27981,10889809,1550779,273,1,19802,377,1.8,0.4,14.5,1.4,98.4,138.1
679,2021-12-01,1576566,27983,10908660,1551481,282,2,18851,702,1.8,0.7,14.5,1.5,98.4,248.9
680,2021-12-02,1576827,27986,10929717,1551976,261,3,21057,495,1.8,1.1,14.4,1.2,98.4,189.7
681,2021-12-03,1577070,27989,10947104,1552462,243,3,17387,486,1.8,1.2,14.4,1.4,98.4,200.0
682,2021-12-04,1577070,27989,10963532,1553041,100,4,16428,579,1.8,1.4,14.4,1.3,98.5,inf
683,2021-12-05,1577443,28001,10982664,1553390,273,8,19132,349,1.8,2.2,14.4,1.9,98.5,93.6
684,2021-12-06,1577720,28005,11001901,1553802,277,4,19237,412,1.8,1.4,14.3,1.4,98.5,148.7
685,2021-12-07,1578011,28010,11021915,1554279,291,5,20014,477,1.8,1.7,14.3,1.5,98.5,163.9
686,2021-12-08,1578288,28016,11042464,1554381,277,6,20549,102,1.8,2.2,14.3,1.3,98.5,36.8
687,2021-12-09,1578550,28016,11063960,1554776,262,0,21496,395,1.8,0.0,14.3,1.2,98.5,150.8
688,2021-12-10,1578819,28017,11084012,1554962,269,1,20052,186,1.8,0.4,14.2,1.3,98.5,69.1
689,2021-12-11,1578996,28022,11099644,1555341,177,5,15632,379,1.8,2.8,14.2,1.1,98.5,214.1
690,2021-12-12,1579325,28028,11121256,1555990,329,6,21612,649,1.8,1.8,14.2,1.5,98.5,197.3
691,2021-12-13,1579710,28031,11143293,1560402,385,3,22037,4412,1.8,0.8,14.2,1.7,98.8,1146.0
692,2021-12-14,1580005,28034,11166163,1561279,295,3,22870,877,1.8,1.0,14.1,1.3,98.8,297.3
693,2021-12-15,1580302,28038,11194316,1561981,297,4,28153,702,1.8,1.3,14.1,1.1,98.8,236.4
694,2021-12-16,1580559,28041,11219519,1562276,257,3,25203,295,1.8,1.2,14.1,1.0,98.8,114.8
695,2021-12-17,1580750,28043,11245022,1562862,191,2,25503,586,1.8,1.0,14.1,0.7,98.9,306.8
696,2021-12-18,1580872,28047,11271225,1563141,122,4,26203,279,1.8,3.3,14.0,0.5,98.9,228.7
